model,accuracy,roc_auc,precision,recall,f1
logistic_regression,0.6019406647334374,0.6539359287890407,0.5387894288150042,0.493492972410203,0.5151473984512974
